<?xml version="1.0" encoding="UTF-8"?>
<project xmlns="http://www.netbeans.org/ns/project/1">
    <type>org.netbeans.modules.ant.freeform</type>
    <configuration>
        <general-data xmlns="http://www.netbeans.org/ns/freeform-project/1">
            <!--Do not use Project Properties customizer when editing this file manually.-->
            <name>SendData-onDesktop-p</name>
            <properties>
                <property-file>${user.home}/.sunspot.properties</property-file>
                <property-file>build.properties</property-file>
                <property-file>${sunspot.home}/default.properties</property-file>
                <property-file>${netbeans.user}/build.properties</property-file>
            </properties>
            <folders>
                <source-folder>
                    <label>src</label>
                    <type>java</type>
                    <location>src</location>
                </source-folder>
            </folders>
            <ide-actions>
                <action name="build">
                    <target>host-compile</target>
                </action>
                <action name="run">
                    <target>host-run</target>
                </action>
                <action name="rebuild">
                    <target>clean</target>
                    <target>host-compile</target>
                </action>
                <action name="clean">
                    <target>clean</target>
                </action>
                <action name="debug">
                    <script>nbproject/ide-file-targets.xml</script>
                    <target>debug-nb</target>
                </action>
                <action name="javadoc">
                    <target>javadoc</target>
                </action>
            </ide-actions>
            <export>
                <type>folder</type>
                <location>build</location>
                <build-target>host-compile</build-target>
            </export>
            <view>
                <items>
                    <source-folder style="packages">
                        <label>src</label>
                        <location>src</location>
                    </source-folder>
                    <source-file>
                        <location>build.xml</location>
                    </source-file>
                </items>
                <context-menu>
                    <ide-action name="build"/>
                    <ide-action name="rebuild"/>
                    <ide-action name="clean"/>
                    <ide-action name="javadoc"/>
                    <ide-action name="run"/>
                    <ide-action name="debug"/>
                    <action>
                        <label>Make .jar file</label>
                        <target>jar</target>
                    </action>
                </context-menu>
            </view>
            <subprojects/>
        </general-data>
        <java-data xmlns="http://www.netbeans.org/ns/freeform-project-java/3">
            <compilation-unit>
                <package-root>src</package-root>
                <classpath mode="compile">/Users/tsc/SunSPOT/sdk/lib/multihop_common.jar:/Users/tsc/SunSPOT/sdk/lib/ipv6lib_common.jar:/Users/tsc/SunSPOT/sdk/lib/spotlib_host.jar:/Users/tsc/SunSPOT/sdk/lib/spotlib_common.jar:/Users/tsc/SunSPOT/sdk/lib/squawk_common.jar:/Users/tsc/SunSPOT/sdk/lib/RXTXcomm.jar:/Users/tsc/SunSPOT/sdk/lib/spotclient_host.jar:/Users/tsc/SunSPOT/sdk/lib/signing_host.jar:	:/Applications/NetBeans/NetBeans 7.1.2.app/Contents/Resources/NetBeans/java/modules/ext/AbsoluteLayout.jar:/Applications/NetBeans/NetBeans 7.1.2.app/Contents/Resources/NetBeans/platform/modules/ext/swing-layout-1.0.4.jar</classpath>
                <built-to>build</built-to>
                <source-level>1.5</source-level>
            </compilation-unit>
        </java-data>
    </configuration>
</project>
